Frase;Class
Estive na noite de ontem, no ato de filia√ß√£o do Deputado Federal Eduardo Braide, ao partido PODEMOS. Na oportunidade, debatemos projetos de melhorias para a cidade de S√£o Lu√≠s, em especial os bairros Sol e Mar, Divineia, Vila Luiz√£o, Brisa do Mar, Santa Rosa, A. Costa P. Ara√ßagy;1
O PARTIDO PODEMOS ROUBAR, J√Å COME√áAM TRABALHAR PRAS ELEI√áOES DE 2020.EITAAA PODEMOS.#AlcolumbreMaquiavelico;-1
O lider do podemos19  no SenadoFederal, Alvaro Dias, participa do encontro do Podemos na tarde deste s√°bado (30/11);0
Em seguida, o prof_samarques deu boas vindas ao deputado EduardoBraide que se filiou ao partido Podemos neste final de semana e parabenizou o Sindicato dos Policiais Civis do Maranh√£o que realizou uma elei√ß√£o sindical democr√°tica.;0
O vereador Marcial Lima destacou a realiza√ß√£o da filia√ß√£o do Partido Podemos e parabenizou a realiza√ß√£o das elei√ß√µes da nova diretoria do Sindicato dos Policiais Civis do Maranh√£o.;0
No passado s√°bado - 30 de Nov. Na Cidade da Beira, realizamos uma reuni√£o Nacional de Secret√°rios do Partido PODEMOS com vista a alinhar estrat√©gia de trabalho 2020 e formamos formadores sobre mat√©ria de doutrina partid√°ria. Objectivo: levar aos distritos nossa linha pol√≠tica;0
Surge atrav√©s do Partido "Podemos" (podemosbahia), uma grande oportunidade do Esporte fazer parte do plano de governo de Salvador, com o retorno da Secretaria de Esportes, sendo gerada por gestores esportivos, com Pol√≠ticas P√∫blicas bem definidas. deputadobacelar;1
Na tribuna, o vereador Francisco Chaguinhas destaca o encontro realizado na √∫ltima sexta-feira (29), para filia√ß√£o de novos membros no Partido Podemos e chama a aten√ß√£o para a falta de humaniza√ß√£o por parte dos pol√≠ticos no pa√≠s;0
Um agente da SMTT contou-me (sim, eles sabem de muitas coisas e s√£o fuxiqueiros) que Osmar Filho ex pr√©-candidato laranja do "maragatuno" para a prefeitura de SLZ, vai tentar o 4 mandato para vereador rainhadoma e querer se igualar √† Pereirinha no poder MaranhaoTrue ...pode?;-1
Falar em candidatos √† prefeitura, e Braide, que √© uma excelente mudan√ßa na pol√≠tica de S√£o Lu√≠s? A pol√≠tica da mudan√ßa e honestidade com seus eleitores √© t√£o grande, que ele foi para o grupo de Z√© Reinaldo e seu partido Podemos. Que Deus nos livre desse mal.;-1
Braide n√£o √© alternativa e nem ser√° a cara da "nova pol√≠tica" e surgi forte para tentar a vaga infelizmente;-1
√â s√≥ mais do mesmo. Nessa elei√ß√£o, vou com o rubenspereirajr at√© de olhos fechados.;-1
Marco Feliciano foi expulso do partido Podemos, ap√≥s uma s√©rie de acusa√ß√µes envolvendo inclusive ass√©dio sexual no gabinete.Volto a dizer: N√£o fui a primeira v√≠tima do Feliciano e muito menos a √∫nica, apenas a primeira a denunci√°-lo.;-1
Esse Feliciano s√≥ entendeu mal o nome do partido podemos , ele achou que era phodemos.;-1
Moro, + popular, no partido Podemos para presidente em 2022? Segundo turno com Lula! Globo faz aposta, mas vai perder de novo!;0
Quanto mais defensor da igreja,  fam√≠lia, moral,  honestidade mais corrupto e sem valores, este √© o Feliciano, este senhor foi expulso do seu partido podemos excesso de honestidade,  de f√©,  amor a fam√≠lia e Deus;-1
Sem contar o lixo do Brasil 247 noticiando Moro contra Bolsonaro em 2022 atrav√©s do partido podemos.;0
Partido Podemos expulsa pastor Marco Feliciano. Gastou 157 mil reais de dinheiro p√∫blico com tratamento de dente. Pastor ladr√£o.;-1
Essa √© a verdadeira face do partido PODEMOS. N√£o se iluda com √Ålvaro Dias. Esqueceu que ele sem quaisquer pudor disse na campanha que #Bolsonaro2022 estava morto? Velha pol√≠tica em a√ß√£o.;-1
Feliciano √© um dos deputados mais pr√≥ximos do presidente JairBolsonaro e j√° fez parte da comitiva presidencial em viagens internacionais mais de uma vez.;-1
O partido PODEMOS  com a nova aquisi√ß√£o de S√©rgio Moro vai mudar o nome pra FEDEMOS;-1
Marco Feliciano foi acusado por Patr√≠cia Lelis de tentar estuprala, agora ele foi expulso do Partido Podemos acusado de ass√©dio sexual, me parece que ele √© realmente um predador sexual.Cadeia nesse falso profeta!;-1
+ segundo alguns lixos q circulam por a√≠... estupro de mulher bonita pode, as feias q n√£o merecem! Por isso estamos vendo casos de estupro aumentando nesse pa√≠s. Onde o certo √© cuspir em cara de mulher, espancar, matar.;-1
Cadeia nele! Bandido! Castra√ß√£o qu√≠mica j√° !!!;-1
Esse a√≠ e outro verme, instalado na pol√≠tica brasileira,o povo brasileiro tem que exterminar todos pol√≠ticos inescrupuloso, ladr√£o ped√≥filos, estuprador que est√° usando o cargo pol√≠ticos para si camuflar,e usar o foro previlegiado para. Si proteger.;-1
Todo puritano no fundo √© um depravado!!!;-1
Pena que n√£o v√° preso como as pessoas comuns...;-1
Disseram que a Patr√≠cia Lelis era maluca.;-1
√â uma ca√ßa-dotes Deu pra tudo q √© pol√≠tico.Lembro q ela sabia de detalhes da casa do Feliciano, e tbm n duvido q pegou o eduardo Bolsonaro Depois se nada der certo, tenta a extors√£o;1
N√£o √© sintom√°tico que o termo #DireitosHumanos esteja entre os "assuntos do momento" no Twitter em outros idiomas como menos em portugu√™s do Brasil?;0
Esse Feliciano e seus 'parsas' Eduardo Cunha, Silas Malafaia, Jair Bolsonaro, Edir Macedo, Valdemiro s√£o verdadeiras aberra√ß√µes humanas.;-1
"O SANGUE DE JESUS TEM PODER." Tenha paci√™ncia, que Jesus esta cuidando primeiro dos mais necessitados, a familia de Marco Feliciano.  Posteriormente ele vai resolver seu problema, seja doen√ßa ou  fome, que √© menos relevante."S√≥ Jesus na causa" mesmo.;-1
Partido Podemos expulsa Marco Feliciano: vice-lider do governo na C√¢mara, o pastor √© acusado de Ass√©dio Sexual, recebimento de Propina, chefia de Esquema envolvendo Funcion√°rios Fantasmas. O bolsonarista usou recentemente 157mil p√∫blicos para pagar '' Novos Dentes ";-1
O sorriso amarelo de Feliciano, expulso do seu partido. Podemos rir?;-1
Parab√©ns ao Partido Podemos pela expuls√£o sum√°ria de Feliciano. N√£o titubearam, n√£o procrastinaram.;1
A C√∫pula do Partido Podemos expulsou o deputado Marco Feliciano (SP). A decis√£o foi tomada pelo comando da legenda por oito votos a zero e foi comunicada ao parlamentar pelo presidente estadual do Podemos, Mario Covas Neto.;0
Ou melhor o Marcos Feliciano foi expulso do PARTIDO PODEMOS,pelo fato de apoiar o Presidente Jair Messias Bolsonaro. Por isso o motivo de ficar orgulhoso.;0
N√£o precisa esperar as 24 horas. N√£o vou tirar merda nenhuma do ar. Vou vencer voc√™ na justi√ßa assim como j√° venci dezenas. Com voc√™, antecipo at√© o argumento: exce√ß√£o da verdade. Voc√™ foi expulso por isso. Vergonha! Venha, Feliciano, me processe. Estou morrendo de medo de voc√™.;0
Caro Fabio Pannunzio blogdopannunzio , o Sr. tem 24h p/ se desculpar publicamente pela cal√∫nia e difama√ß√£o praticadas contra mim, sob penas das medidas c√≠veis e criminais cab√≠veis. Al√©m disso, requeiro direito de reposta nos termos da L. 13.188. Tu√≠tes devidamente printados.;0
A partir da sua tese de defesa (boa, mas h√° melhores), me parece que o Deputado somente teria condi√ß√µes de uma vit√≥ria judicial se, igualmente, conseguisse mudar judicialmente a decis√£o do Partido Podemos, que segundo notici√°rio o expulsou por transgredir condutas √©ticas.;1
#CongressoSemReeleicao MARCOS FELICIANO √â EXPULSO DO PODEMOS POR APOIAR BOLSONARO. ESSE PARTIDO PODEMOS √â O PARTIDO DO TRA√çRA ALVARO DIAS, LOBO EM PELE DE CORDEIRO, TOTALMENTE CONTRA O PR jairbolsonaro;-1
O PODEMOS LIMPA A "√ÅREA" PARA MORO 2022. O dep.federal Marco Feliciano (SP) foi expulso nesta segunda (9) do Podemos. O diret√≥rio da sigla em SP acatou representa√ß√£o que cita a proximidade de Feliciano com Bolsonaro e acusa√ß√µes de ass√©dio sexual.;-1
Seu bosta!!! Demorou pra sair.O Partido Podemos √© a √∫nica op√ß√£o dos eleitores que n√£o ter√£o candidatos do NOVO em suas cidades;1
O partido podemos te expulsou pq ? A imprensa fala em corrup√ß√£o e outras coisas e o senhor o que diz ?;0
Pelas atitudes do partido podemos reconhecer que s√≥ tem desprez√≠veis l√° dentro.#Bolsonaro2022;-1
Partido Podemos/SP √© lixo.;-1
Patr√≠cia L√©lis SURTADA publica v√≠deos/tuites dizendo q h√° nova acusa√ß√£o d ass√©dio contra mim.Mentira! Podemos/SP usou acusa√ß√£o falsa q ela fez p/ me expulsar. Lelis √© denunciada pelo MP por tentativa de extors√£o, e condenada a me pagar 150 mil por danos morais. Fugiu do pa√≠s!;1
Dep Feliciano, estamos observando seu apoio ao PR. Esse partido PODEMOS, n√£o vai conseguir nos enganar nas pr√≥ximas elei√ß√µes.;-1
O arautos da moralidade √© expulso do Partido Podemos por corrup√ß√£o e ass√©dio sexual. Satan√°s deve est√° orgulho agora da sua cria!;-1
O partido Podemos enfatiza que a acusa√ß√£o de ass√©dio aconteceu no gabinete do Feliciano, o que mais uma vez prova que ele mente ao dizer que usaram do meu caso. Eu n√£o trabalho no gabinete, e comigo o epis√≥dio aconteceu fora da C√¢mara de Federal. Cada coisa...;0
O partido Podemos ao qual estava filiado Marco Feliciano, n√£o est√° horrorizado pelas frequentes defesas ao Bozo, corrup√ß√£o, funcion√°rios fantasmas e at√© o que √© recorrente e o mundo animal sabe, que ele assedia.;-1
PARTIDO PODEMOS(FUNDADO PARA SER O DIFERENTE) EST√Å CHEIO DE CORRUPTOS, VINDOS DE OUTRAS LEGENDAS ,PHS,PR,E OUTRAS. TEVE ONTEM CASSADO O MANDADO DA SENADORA CONHECIDA POR MORO DE SAIA SELMA ARRUDA,POR CRIME DE CAIXA 2,O MESMO CRIME DE BOLSANARO EX.PSL.;-1
Bom dia! Gostaria de convidar voc√™ a fazer parte do Lan√ßamento do Diret√≥rio do nosso partido PODEMOS 19 em Presidente Figueiredo.O Podemos √© um partido que tem a gen√©tica das grandes transforma√ß√µes;1
Feliciano orgulhoso de ter sido expulso do partido Podemos - RENOVA M√≠dia;0
Achei correto a expuls√£o do Pastor Marco Feliciano do Partido PODEMOS por ass√©dio e corrup√ß√£o. Gastar 157 mil com os dentes √© uma injusti√ßa com tantos torcedores Banguela do Santa Cruz que tem por a√≠. ;1
Senador, o seu partido ‚ÄúPODEMOS‚Äù est√° muito forte, e pode pressionar para acabar com esses privil√©gios. O que est√° acontecendo √© uma excresc√™ncia. Se tiv√©ssemos uma monarquia seria muito mais barato. Esses ex roubaram no exerc√≠cio da fun√ß√£o, e continuam sendo premiados.;1
Na manh√£ desta segunda-feira (16) estive presente no encontro Estadual do Partido Podemos realizado no Audit√≥rio do Le Monde, na Barra da Tijuca, por convite do partido para que eu seja Pr√©-Candidato a Vereador para concorrer as elei√ß√µes em 2020 por S√£o Gon√ßalo-RJ.;0
Rapaz ele quer vestir a camisa contra a corrup√ß√£o esse partido podemos,mais um enganador que nem o novo;-1
Na noite desta quarta-feira(18), foi com muito orgulho que recebir a maior honraria  da C√¢mara Municipal de S√£o Lu√≠s, a medalha  Sim√£o Est√°cio da Silveira, indicada pelo Vereador S√°  Marques(do partido podemos), e;0
Se o Juiz S√©rgio Moro se juntar ao partido PODEMOS.. do √Ålvaro Dias.. Ele perde minha confian√ßa!!;-1
Da s√©rie: Agora vai... O pastor picaretar e bajulador do miliciano incompetente Bolsonaro, Marco Feliciano, que foi expulso do partido Podemos por maracutaias e ass√©dio sexual, agora quer ser prefeito de S√£o Paulo. Se for eleito, vai roubar at√© as...;-1
95% √â norte e nordeste. 1 do partido #podemos  do senador #AlvaroDias.;1
Ros√¢ngela Moro √© prov√°vel candidata a vice-prefeita de Curitiba;0
Isso porque o casal nunca pensou ou agiu com interesses pol√≠ticos...ü§®Por qual partido, Podemos, PSL ou Alian√ßa?;0
MP-SP pede cassa√ß√£o de 4 deputados federais por esquemas com ‚Äòlaranjas‚Äô. marcofeliciano renataabreudep;-1
Estive pela manh√£ em Ribeir√£o Pires, cidade que sempre me acolhe muito bem. Dessa vez, fui com a RenataAbreuDep participar da entrega de ve√≠culos que foram adquiridos com recursos provenientes de emenda dela para a Prefeitura. Os carros ser√£o usados na √°rea da sa√∫de.;1
RenataAbreu1919 EduardoBraga_AM Acho justo. Quem ganha muito e que deve pagar mais;1
Obrigado, Deputada! N√£o √† Pior Aposentadoria Policial do Mundo ‚Å¶RenataAbreu1919‚Å© RenataAbreuDep;1
A proposta de reforma apresentada √© injusta com a mulher trabalhadora rural e √© injusta com o servidor p√∫blico que est√° no sistema h√° mais de 15 anos, por n√£o prever regra de transi√ß√£o. Sem regra de transi√ß√£o para todos acaba sendo injusta a reforma.;-1
Tomara seja daquelas leis que ‚Äún√£o pegam‚Äù e s√£o esquecidas. RT alvarodias: Juiz de garantias: al√©m de inconstitucional √© impratic√°vel. Moro explica . AlvaroDias;-1
99,9999999 % de reprova√ß√£o. O resto, foi descuido da casa que deu resultado para n√≥s. No mais... O STF n√£o deixa de ser um antro de ABUTRES TRAVESTIDOS DE MINISTROS e que praticam o jur√≠dico laxativo... Amigos de bandidos, bandidos s√£o.;0
T√° a√≠ nosso novo ministro da economia.;1
O CERTO √â O GOVERNADOR REDUZIR O ICMS. N√£o venha com CANALHICE Pre√ßo do g√°s segue d√≥lar e coa√ß√£o internacional. SOBE O PRE√áO SOBE A ARRECADA√á√ÉO DO GOVERNADOR;0




